{
  "high_school_physics": 0.4307692307692308,
  "fire_engineer": 0.41923076923076924,
  "computer_network": 0.38846153846153847,
  "advanced_mathematics": 0.4,
  "logic": 0.41923076923076924,
  "middle_school_physics": 0.45,
  "clinical_medicine": 0.41923076923076924,
  "probability_and_statistics": 0.41923076923076924,
  "ideological_and_moral_cultivation": 0.43846153846153846,
  "operating_system": 0.3923076923076923,
  "middle_school_mathematics": 0.4346153846153846,
  "chinese_language_and_literature": 0.4423076923076923,
  "electrical_engineer": 0.43846153846153846,
  "business_administration": 0.4115384615384615,
  "high_school_geography": 0.4269230769230769,
  "modern_chinese_history": 0.41923076923076924,
  "legal_professional": 0.4153846153846154,
  "middle_school_geography": 0.45,
  "middle_school_chemistry": 0.41923076923076924,
  "high_school_biology": 0.45384615384615384,
  "high_school_chemistry": 0.4076923076923077,
  "physician": 0.4653846153846154,
  "high_school_chinese": 0.4153846153846154,
  "tax_accountant": 0.4153846153846154,
  "high_school_history": 0.4461538461538462,
  "mao_zedong_thought": 0.4153846153846154,
  "high_school_mathematics": 0.41923076923076924,
  "professional_tour_guide": 0.4230769230769231,
  "veterinary_medicine": 0.4461538461538462,
  "environmental_impact_assessment_engineer": 0.4269230769230769,
  "basic_medicine": 0.4153846153846154,
  "education_science": 0.4269230769230769,
  "urban_and_rural_planner": 0.4307692307692308,
  "middle_school_biology": 0.45,
  "plant_protection": 0.4115384615384615,
  "middle_school_history": 0.4153846153846154,
  "high_school_politics": 0.40384615384615385,
  "metrology_engineer": 0.4346153846153846,
  "art_studies": 0.4423076923076923,
  "college_economics": 0.4076923076923077,
  "college_chemistry": 0.4076923076923077,
  "law": 0.3923076923076923,
  "sports_science": 0.4461538461538462,
  "civil_servant": 0.4153846153846154,
  "college_programming": 0.4423076923076923,
  "middle_school_politics": 0.4269230769230769,
  "teacher_qualification": 0.4153846153846154,
  "computer_architecture": 0.4423076923076923,
  "college_physics": 0.4346153846153846,
  "discrete_mathematics": 0.4153846153846154,
  "marxism": 0.4461538461538462,
  "accountant": 0.4269230769230769
}